product_id,order_id,service,refund,starting_date,finishing_date,region,rating
P0004,O0001,0,0,2026-04-17,2026-04-19,West,4
P0018,O0002,0,0,2026-11-18,2026-12-06,North,4
P0010,O0003,0,0,2026-08-21,2026-09-01,East,2
P0008,O0004,1,0,2026-11-30,2026-12-04,East,1
P0013,O0005,1,0,2026-12-13,2026-12-29,Central,2
P0010,O0006,1,0,2026-11-05,2026-11-16,North,5
P0010,O0007,1,0,2026-01-29,2026-01-31,South,2
P0003,O0008,0,0,2026-12-26,2027-01-01,East,3
P0014,O0009,1,0,2026-06-23,2026-07-02,South,2
P0004,O0010,0,0,2026-07-24,2026-08-04,South,2
P0001,O0011,1,0,2026-11-06,2026-11-12,South,3
P0013,O0012,0,0,2026-12-02,2026-12-23,East,3
P0004,O0013,1,0,2026-12-08,2026-12-23,North,1
P0010,O0014,1,0,2026-08-14,2026-08-15,East,4
P0014,O0015,1,0,2026-12-01,2026-12-15,Central,5
P0001,O0016,0,1,2026-09-08,2026-09-09,South,1
P0016,O0017,0,0,2026-09-25,2026-10-16,West,2
P0001,O0018,1,0,2026-03-28,2026-03-30,West,4
P0015,O0019,0,0,2026-11-06,2026-11-08,South,5
P0003,O0020,1,0,2026-06-22,2026-07-13,Central,5
P0005,O0021,0,0,2026-11-01,2026-11-22,North,2
P0006,O0022,0,0,2026-08-27,2026-09-13,North,3
P0020,O0023,0,1,2026-12-29,2027-01-19,South,1
P0003,O0024,0,0,2026-09-15,2026-09-23,East,3
P0011,O0025,0,0,2026-10-06,2026-10-21,North,4
P0009,O0026,1,0,2026-08-22,2026-08-23,East,3
P0020,O0027,0,0,2026-10-17,2026-10-20,East,5
P0011,O0028,0,0,2026-08-05,2026-08-11,Central,3
P0005,O0029,0,0,2026-08-17,2026-09-06,North,5
P0013,O0030,1,0,2026-10-25,2026-11-03,West,4
P0002,O0031,0,0,2026-01-06,2026-01-16,East,3
P0010,O0032,0,0,2026-07-11,2026-07-17,North,5
P0004,O0033,1,0,2026-12-26,2027-01-07,East,3
P0005,O0034,1,0,2026-07-25,2026-08-12,East,5
P0012,O0035,0,0,2026-07-16,2026-08-06,West,5
P0004,O0036,0,0,2026-01-01,2026-01-06,East,5
P0012,O0037,1,0,2026-05-22,2026-06-01,South,2
P0004,O0038,0,0,2026-11-16,2026-12-05,West,4
P0003,O0039,1,0,2026-09-23,2026-10-11,West,5
P0001,O0040,0,0,2026-10-05,2026-10-06,West,3
P0014,O0041,0,0,2026-01-29,2026-02-03,South,2
P0014,O0042,1,0,2026-03-29,2026-04-01,South,2
P0006,O0043,0,0,2026-02-25,2026-03-08,Central,3
P0016,O0044,0,0,2026-06-15,2026-06-25,Central,4
P0014,O0045,0,1,2026-04-14,2026-04-22,East,3
P0017,O0046,1,0,2026-08-31,2026-09-06,East,2
P0016,O0047,0,0,2026-05-23,2026-05-30,West,2
P0002,O0048,0,0,2026-08-02,2026-08-22,West,1
P0008,O0049,1,0,2026-11-25,2026-12-16,East,4
P0003,O0050,0,0,2026-09-23,2026-10-02,West,3
P0013,O0051,0,0,2026-10-17,2026-10-22,North,5
P0013,O0052,0,0,2026-11-08,2026-11-21,North,3
P0009,O0053,0,0,2026-08-12,2026-08-15,North,3
P0020,O0054,0,0,2026-02-17,2026-02-21,West,4
P0011,O0055,0,0,2026-03-30,2026-04-16,North,1
P0003,O0056,0,0,2026-05-12,2026-05-24,North,4
P0008,O0057,1,0,2026-12-25,2027-01-11,East,2
P0010,O0058,1,0,2026-05-10,2026-05-18,South,4
P0012,O0059,0,0,2026-02-07,2026-02-28,South,1
P0007,O0060,1,0,2026-01-18,2026-02-06,East,3
P0019,O0061,0,0,2026-11-12,2026-11-15,Central,3
P0018,O0062,0,0,2026-05-26,2026-05-31,East,1
P0002,O0063,1,0,2026-09-25,2026-10-16,East,4
P0013,O0064,0,0,2026-05-15,2026-05-21,South,5
P0010,O0065,1,0,2026-03-02,2026-03-14,East,5
P0010,O0066,0,0,2026-09-14,2026-09-27,East,1
P0010,O0067,1,0,2026-03-23,2026-03-27,East,1
P0004,O0068,1,0,2026-12-09,2026-12-18,Central,1
P0017,O0069,0,0,2026-09-06,2026-09-19,Central,3
P0018,O0070,0,0,2026-02-22,2026-03-09,North,5
P0016,O0071,0,0,2026-01-18,2026-01-22,Central,1
P0004,O0072,1,0,2026-02-22,2026-03-15,South,5
P0013,O0073,0,0,2026-10-25,2026-10-31,South,4
P0007,O0074,0,0,2026-03-24,2026-04-04,North,4
P0020,O0075,0,0,2026-10-18,2026-10-29,West,4
P0002,O0076,1,0,2026-12-13,2026-12-20,Central,2
P0003,O0077,0,0,2026-08-24,2026-09-03,Central,3
P0002,O0078,0,0,2026-09-30,2026-10-02,East,1
P0016,O0079,0,0,2026-08-07,2026-08-16,South,1
P0019,O0080,1,0,2026-03-14,2026-04-01,East,5
P0012,O0081,0,0,2026-07-20,2026-08-07,East,3
P0007,O0082,1,0,2026-11-13,2026-11-15,North,4
P0006,O0083,0,0,2026-12-11,2026-12-31,North,4
P0007,O0084,1,0,2026-01-18,2026-01-30,Central,1
P0013,O0085,0,0,2026-06-15,2026-06-30,South,5
P0008,O0086,1,0,2026-08-06,2026-08-14,South,5
P0009,O0087,0,0,2026-03-14,2026-03-21,West,1
P0016,O0088,0,0,2026-12-30,2027-01-03,Central,1
P0012,O0089,1,0,2026-04-18,2026-04-20,Central,4
P0020,O0090,0,0,2026-03-23,2026-03-29,East,5
P0018,O0091,0,0,2026-04-11,2026-04-20,West,3
P0008,O0092,0,0,2026-07-01,2026-07-09,Central,5
P0002,O0093,0,0,2026-01-04,2026-01-23,East,4
P0006,O0094,0,0,2026-11-28,2026-12-13,East,5
P0009,O0095,1,0,2026-09-14,2026-09-16,North,2
P0007,O0096,0,0,2026-05-05,2026-05-14,Central,5
P0016,O0097,1,0,2026-03-22,2026-04-03,Central,3
P0015,O0098,1,0,2026-09-04,2026-09-14,West,5
P0014,O0099,0,0,2026-10-23,2026-11-09,East,4
P0018,O0100,0,0,2026-09-26,2026-10-11,West,4
P0019,O0101,1,0,2026-08-18,2026-09-03,East,2
P0017,O0102,1,0,2026-10-05,2026-10-17,East,1
P0008,O0103,1,0,2026-06-13,2026-06-30,Central,3
P0020,O0104,0,0,2026-07-24,2026-07-26,East,2
P0003,O0105,1,0,2026-08-23,2026-09-04,South,4
P0015,O0106,0,0,2026-02-20,2026-02-22,North,3
P0003,O0107,1,0,2026-10-06,2026-10-24,West,4
P0018,O0108,1,0,2026-05-14,2026-05-29,West,3
P0015,O0109,0,0,2026-05-06,2026-05-20,East,2
P0012,O0110,0,0,2026-08-07,2026-08-27,East,5
P0018,O0111,0,0,2026-03-02,2026-03-04,East,3
P0009,O0112,0,0,2026-09-17,2026-09-19,South,2
P0006,O0113,0,0,2026-10-16,2026-11-06,East,2
P0005,O0114,1,0,2026-12-27,2026-12-31,Central,5
P0019,O0115,0,0,2026-12-14,2026-12-19,South,3
P0001,O0116,0,0,2026-12-17,2026-12-31,West,1
P0008,O0117,0,0,2026-07-09,2026-07-28,North,4
P0001,O0118,0,0,2026-07-25,2026-08-03,West,4
P0005,O0119,0,0,2026-07-28,2026-08-07,South,3
P0001,O0120,0,0,2026-09-09,2026-09-22,East,5
P0009,O0121,1,0,2026-04-10,2026-04-29,South,5
P0012,O0122,0,0,2026-05-18,2026-05-22,West,5
P0002,O0123,0,0,2026-06-22,2026-07-05,East,2
P0004,O0124,0,0,2026-08-28,2026-09-14,North,5
P0012,O0125,0,0,2026-05-10,2026-05-24,East,5
P0009,O0126,1,0,2026-08-30,2026-09-16,West,3
P0014,O0127,1,0,2026-08-17,2026-08-24,East,4
P0001,O0128,1,0,2026-11-13,2026-11-28,East,3
P0005,O0129,0,0,2026-03-13,2026-03-26,West,5
P0010,O0130,1,0,2026-01-14,2026-01-20,West,2
P0002,O0131,1,0,2026-02-25,2026-03-11,East,5
P0004,O0132,0,0,2026-04-10,2026-04-19,South,1
P0004,O0133,0,0,2026-01-16,2026-01-17,North,5
P0016,O0134,1,0,2026-03-22,2026-03-30,South,4
P0002,O0135,1,0,2026-09-18,2026-09-29,Central,3
P0006,O0136,0,0,2026-08-30,2026-09-02,East,4
P0016,O0137,1,0,2026-07-20,2026-07-22,East,4
P0013,O0138,0,0,2026-05-29,2026-05-31,West,3
P0014,O0139,0,0,2026-03-20,2026-04-08,South,1
P0005,O0140,0,0,2026-10-21,2026-10-23,South,4
P0005,O0141,1,0,2026-12-15,2026-12-18,East,4
P0016,O0142,0,0,2026-05-28,2026-06-17,North,1
P0019,O0143,1,0,2026-10-28,2026-11-14,South,5
P0017,O0144,0,0,2026-12-29,2027-01-03,East,1
P0009,O0145,0,0,2026-07-27,2026-07-30,North,2
P0010,O0146,0,0,2026-08-24,2026-09-10,West,1
P0020,O0147,0,0,2026-06-25,2026-06-26,East,2
P0012,O0148,0,0,2026-04-01,2026-04-20,Central,4
P0014,O0149,0,0,2026-10-13,2026-10-25,West,2
P0005,O0150,0,0,2026-02-07,2026-02-20,South,2
P0016,O0151,1,1,2026-02-15,2026-02-16,East,4
P0004,O0152,0,0,2026-04-08,2026-04-09,South,3
P0012,O0153,1,1,2026-01-27,2026-02-02,East,4
P0012,O0154,0,1,2026-09-04,2026-09-25,Central,5
P0013,O0155,1,0,2026-08-22,2026-08-26,North,2
P0016,O0156,0,0,2026-10-02,2026-10-19,Central,4
P0010,O0157,1,0,2026-11-13,2026-11-16,North,1
P0010,O0158,1,0,2026-10-06,2026-10-25,West,3
P0019,O0159,1,0,2026-08-27,2026-09-01,East,5
P0004,O0160,0,0,2026-02-28,2026-03-01,West,3
P0002,O0161,0,0,2026-01-23,2026-02-13,North,4
P0018,O0162,0,0,2026-09-19,2026-09-28,West,1
P0020,O0163,1,0,2026-11-18,2026-12-09,South,1
P0015,O0164,1,0,2026-11-08,2026-11-11,West,5
P0006,O0165,0,0,2026-01-20,2026-02-09,East,1
P0001,O0166,1,0,2026-12-30,2027-01-11,South,5
P0008,O0167,0,0,2026-12-06,2026-12-07,West,3
P0012,O0168,0,0,2026-04-06,2026-04-23,East,1
P0013,O0169,0,0,2026-08-28,2026-09-15,Central,3
P0005,O0170,1,0,2026-02-23,2026-02-26,South,4
P0011,O0171,0,0,2026-11-26,2026-12-12,North,3
P0009,O0172,0,0,2026-12-22,2026-12-30,North,2
P0007,O0173,1,0,2026-10-02,2026-10-04,West,5
P0011,O0174,0,0,2026-09-15,2026-09-24,West,1
P0005,O0175,0,0,2026-11-21,2026-11-30,West,5
P0005,O0176,0,0,2026-11-25,2026-12-01,South,5
P0013,O0177,0,0,2026-10-29,2026-10-30,South,4
P0008,O0178,0,0,2026-09-23,2026-10-13,West,5
P0001,O0179,0,0,2026-04-12,2026-04-27,West,5
P0020,O0180,1,0,2026-04-15,2026-05-01,West,5
P0005,O0181,0,0,2026-03-16,2026-03-29,East,2
P0011,O0182,0,0,2026-06-13,2026-07-03,Central,4
P0009,O0183,1,0,2026-03-12,2026-03-24,West,2
P0011,O0184,0,0,2026-01-20,2026-02-03,North,1
P0010,O0185,0,0,2026-06-05,2026-06-09,West,5
P0005,O0186,0,0,2026-08-01,2026-08-12,East,5
P0014,O0187,0,0,2026-06-07,2026-06-28,Central,2
P0008,O0188,1,0,2026-04-09,2026-04-21,East,5
P0005,O0189,0,0,2026-02-26,2026-03-04,Central,5
P0007,O0190,0,0,2026-04-02,2026-04-13,South,2
P0008,O0191,0,0,2026-03-13,2026-03-21,East,5
P0011,O0192,0,0,2026-08-04,2026-08-16,South,5
P0015,O0193,0,0,2026-08-27,2026-08-30,South,3
P0006,O0194,1,0,2026-08-29,2026-09-19,South,3
P0012,O0195,0,0,2026-03-07,2026-03-13,North,2
P0004,O0196,0,0,2026-08-26,2026-08-29,West,3
P0004,O0197,1,0,2026-10-30,2026-11-03,West,3
P0019,O0198,0,0,2026-11-21,2026-12-01,North,2
P0018,O0199,0,0,2026-09-08,2026-09-16,South,2
P0016,O0200,1,0,2026-08-29,2026-09-13,North,2
P0001,O0201,0,0,2026-02-27,2026-03-17,North,2
P0020,O0202,0,0,2026-08-18,2026-08-27,South,4
P0017,O0203,0,0,2026-09-29,2026-10-07,West,2
P0004,O0204,0,0,2026-07-12,2026-07-22,Central,1
P0009,O0205,1,0,2026-05-13,2026-05-28,West,4
P0006,O0206,0,0,2026-09-15,2026-09-27,West,2
P0014,O0207,1,0,2026-04-19,2026-04-25,West,4
P0009,O0208,0,0,2026-05-14,2026-05-23,Central,3
P0005,O0209,0,0,2026-11-21,2026-12-11,West,3
P0006,O0210,1,0,2026-03-09,2026-03-28,East,3
P0011,O0211,0,1,2026-06-03,2026-06-17,Central,1
P0010,O0212,0,0,2026-11-19,2026-11-21,West,2
P0016,O0213,0,0,2026-01-09,2026-01-25,Central,5
P0010,O0214,0,0,2026-04-18,2026-04-19,Central,4
P0003,O0215,1,0,2026-11-10,2026-12-01,South,3
P0008,O0216,0,0,2026-09-13,2026-09-26,West,4
P0010,O0217,0,0,2026-04-04,2026-04-24,South,4
P0010,O0218,0,0,2026-07-23,2026-07-25,West,1
P0015,O0219,0,0,2026-09-02,2026-09-18,West,5
P0017,O0220,0,0,2026-01-24,2026-02-13,West,4
P0003,O0221,1,0,2026-01-26,2026-02-11,East,1
P0014,O0222,1,1,2026-03-11,2026-03-21,West,1
P0016,O0223,0,0,2026-03-08,2026-03-15,East,1
P0001,O0224,0,0,2026-06-07,2026-06-21,Central,3
P0012,O0225,0,0,2026-01-22,2026-02-06,East,3
P0009,O0226,0,0,2026-07-26,2026-07-28,South,4
P0004,O0227,1,0,2026-12-13,2026-12-17,West,5
P0001,O0228,0,0,2026-05-23,2026-06-08,Central,3
P0014,O0229,0,0,2026-01-24,2026-01-29,North,4
P0009,O0230,1,0,2026-07-23,2026-08-08,North,4
P0017,O0231,1,0,2026-12-26,2026-12-30,West,3
P0020,O0232,1,0,2026-08-07,2026-08-25,Central,3
P0009,O0233,1,0,2026-07-03,2026-07-19,North,5
P0008,O0234,1,0,2026-03-28,2026-04-12,Central,4
P0018,O0235,1,0,2026-05-18,2026-05-30,East,4
P0009,O0236,0,0,2026-11-10,2026-11-29,North,1
P0001,O0237,1,0,2026-06-05,2026-06-24,North,2
P0014,O0238,0,0,2026-01-02,2026-01-11,West,5
P0011,O0239,1,1,2026-12-29,2026-12-30,South,5
P0014,O0240,1,0,2026-02-27,2026-03-19,South,1
P0010,O0241,1,0,2026-01-11,2026-01-21,East,3
P0006,O0242,1,0,2026-02-13,2026-03-01,West,1
P0010,O0243,0,0,2026-02-21,2026-03-02,West,4
P0019,O0244,0,0,2026-08-24,2026-09-03,North,4
P0005,O0245,0,0,2026-04-08,2026-04-14,Central,4
P0018,O0246,0,0,2026-11-26,2026-11-29,South,3
P0009,O0247,0,0,2026-05-02,2026-05-11,South,5
P0002,O0248,0,0,2026-08-27,2026-09-08,Central,3
P0020,O0249,0,1,2026-06-24,2026-07-06,Central,3
P0010,O0250,0,0,2026-05-10,2026-05-16,South,5
P0006,O0251,1,0,2026-12-24,2027-01-11,West,3
P0019,O0252,1,0,2026-08-21,2026-09-10,East,1
P0008,O0253,0,0,2026-02-13,2026-03-06,Central,2
P0007,O0254,0,0,2026-09-26,2026-10-14,West,4
P0011,O0255,0,0,2026-08-01,2026-08-16,South,5
P0009,O0256,0,0,2026-07-14,2026-08-03,West,3
P0020,O0257,0,0,2026-02-13,2026-03-01,North,3
P0006,O0258,0,0,2026-08-30,2026-09-05,South,1
P0005,O0259,0,0,2026-01-29,2026-02-04,South,1
P0014,O0260,1,0,2026-10-24,2026-11-03,West,4
P0011,O0261,1,0,2026-07-20,2026-08-03,Central,3
P0003,O0262,1,0,2026-06-16,2026-06-19,West,1
P0010,O0263,1,0,2026-01-02,2026-01-19,South,1
P0016,O0264,0,0,2026-04-09,2026-04-18,South,3
P0010,O0265,0,1,2026-10-10,2026-10-11,West,4
P0020,O0266,0,0,2026-07-17,2026-07-22,Central,4
P0012,O0267,1,0,2026-10-21,2026-11-05,Central,2
P0007,O0268,1,0,2026-08-07,2026-08-08,Central,3
P0008,O0269,0,0,2026-10-06,2026-10-26,West,2
P0019,O0270,1,0,2026-05-27,2026-05-30,Central,5
P0010,O0271,0,0,2026-05-29,2026-06-12,Central,4
P0004,O0272,1,0,2026-03-04,2026-03-09,West,5
P0001,O0273,0,0,2026-09-28,2026-10-05,Central,3
P0003,O0274,0,0,2026-04-20,2026-05-11,West,4
P0012,O0275,1,0,2026-08-23,2026-09-04,North,4
P0008,O0276,1,0,2026-01-16,2026-01-30,South,1
P0007,O0277,1,0,2026-08-30,2026-09-01,East,5
P0006,O0278,1,0,2026-06-25,2026-06-26,North,5
P0017,O0279,1,0,2026-06-03,2026-06-23,Central,1
P0009,O0280,0,0,2026-04-27,2026-05-15,East,4
P0003,O0281,1,0,2026-01-31,2026-02-10,North,3
P0012,O0282,0,0,2026-10-21,2026-11-04,Central,2
P0002,O0283,1,0,2026-09-21,2026-09-28,Central,1
P0015,O0284,0,0,2026-06-22,2026-07-12,Central,2
P0013,O0285,1,0,2026-03-03,2026-03-14,West,5
P0007,O0286,0,0,2026-01-27,2026-02-06,East,1
P0009,O0287,0,0,2026-09-10,2026-09-14,Central,3
P0005,O0288,0,0,2026-01-29,2026-02-14,West,4
P0017,O0289,0,0,2026-07-17,2026-07-26,North,4
P0017,O0290,1,0,2026-12-22,2027-01-11,East,5
P0013,O0291,1,0,2026-01-01,2026-01-19,West,2
P0002,O0292,0,0,2026-08-02,2026-08-16,South,5
P0019,O0293,1,0,2026-12-29,2027-01-04,North,3
P0011,O0294,1,0,2026-10-08,2026-10-21,North,5
P0003,O0295,0,0,2026-06-20,2026-06-26,North,2
P0007,O0296,0,0,2026-10-20,2026-10-23,South,1
P0014,O0297,1,0,2026-04-24,2026-04-28,East,1
P0006,O0298,0,0,2026-01-28,2026-02-04,Central,5
P0006,O0299,0,0,2026-09-06,2026-09-14,East,4
P0001,O0300,0,0,2026-04-01,2026-04-14,North,5
P0011,O0301,0,0,2026-09-13,2026-09-29,South,3
P0009,O0302,0,0,2026-06-29,2026-07-20,South,1
P0015,O0303,0,0,2026-04-24,2026-04-27,East,3
P0015,O0304,1,0,2026-07-18,2026-07-25,East,4
P0002,O0305,0,1,2026-05-05,2026-05-18,West,2
P0020,O0306,0,1,2026-12-17,2026-12-30,West,2
P0011,O0307,1,1,2026-09-09,2026-09-25,West,1
P0005,O0308,1,0,2026-10-03,2026-10-23,North,1
P0009,O0309,1,0,2026-12-18,2027-01-05,East,4
P0014,O0310,0,0,2026-07-06,2026-07-27,East,5
P0017,O0311,0,0,2026-02-21,2026-03-11,South,5
P0008,O0312,1,0,2026-08-07,2026-08-10,Central,3
P0007,O0313,1,0,2026-07-08,2026-07-12,East,3
P0013,O0314,0,0,2026-08-24,2026-08-25,Central,4
P0009,O0315,1,0,2026-07-29,2026-08-14,South,4
P0018,O0316,0,0,2026-01-27,2026-02-13,East,3
P0012,O0317,1,0,2026-05-17,2026-05-22,East,3
P0011,O0318,0,0,2026-10-03,2026-10-19,West,2
P0009,O0319,1,0,2026-04-16,2026-05-04,South,3
P0006,O0320,1,1,2026-05-26,2026-06-05,North,5
P0013,O0321,0,0,2026-06-09,2026-06-26,South,4
P0002,O0322,1,0,2026-11-24,2026-12-15,North,1
P0007,O0323,1,0,2026-10-05,2026-10-13,South,5
P0017,O0324,0,0,2026-08-06,2026-08-22,West,1
P0009,O0325,0,0,2026-12-17,2026-12-22,North,1
P0001,O0326,0,0,2026-11-15,2026-11-16,Central,1
P0007,O0327,1,0,2026-08-31,2026-09-19,South,2
P0019,O0328,0,0,2026-10-12,2026-10-24,West,3
P0013,O0329,1,0,2026-04-28,2026-05-03,North,5
P0018,O0330,1,0,2026-08-16,2026-08-25,South,1
P0008,O0331,0,0,2026-09-11,2026-09-20,West,3
P0016,O0332,1,0,2026-10-29,2026-11-17,South,5
P0012,O0333,0,0,2026-05-08,2026-05-26,East,4
P0006,O0334,1,0,2026-07-30,2026-08-09,South,5
P0020,O0335,1,0,2026-01-22,2026-02-01,South,5
P0007,O0336,1,0,2026-11-10,2026-11-13,Central,5
P0016,O0337,0,0,2026-08-17,2026-09-02,North,2
P0011,O0338,0,0,2026-02-21,2026-03-01,West,5
P0020,O0339,0,0,2026-03-30,2026-04-09,South,3
P0012,O0340,0,0,2026-10-28,2026-11-15,North,2
P0002,O0341,0,0,2026-07-09,2026-07-21,East,5
P0018,O0342,1,0,2026-07-05,2026-07-14,South,1
P0014,O0343,0,0,2026-04-03,2026-04-10,South,1
P0013,O0344,1,0,2026-10-24,2026-11-12,North,5
P0004,O0345,0,1,2026-07-19,2026-07-22,Central,1
P0020,O0346,0,0,2026-08-27,2026-09-01,Central,2
P0007,O0347,0,0,2026-12-10,2026-12-25,South,1
P0005,O0348,0,0,2026-01-08,2026-01-23,Central,1
P0012,O0349,0,0,2026-11-06,2026-11-10,East,3
P0014,O0350,1,0,2026-04-20,2026-04-25,South,2
P0016,O0351,0,0,2026-10-21,2026-10-28,East,5
P0013,O0352,0,0,2026-04-11,2026-04-20,West,1
P0007,O0353,0,0,2026-03-14,2026-03-21,South,1
P0016,O0354,1,0,2026-11-11,2026-11-24,Central,5
P0010,O0355,1,0,2026-11-28,2026-12-09,West,2
P0015,O0356,1,0,2026-11-07,2026-11-12,Central,4
P0012,O0357,0,0,2026-02-05,2026-02-12,North,5
P0009,O0358,0,0,2026-02-14,2026-02-23,Central,3
P0001,O0359,1,0,2026-01-23,2026-01-24,North,3
P0010,O0360,0,1,2026-07-23,2026-08-09,South,3
P0004,O0361,0,0,2026-09-27,2026-10-08,North,5
P0012,O0362,0,1,2026-07-21,2026-07-29,West,4
P0008,O0363,1,0,2026-04-25,2026-05-15,Central,3
P0005,O0364,0,0,2026-09-09,2026-09-15,North,4
P0020,O0365,1,0,2026-06-05,2026-06-18,Central,1
P0005,O0366,1,1,2026-06-24,2026-06-29,West,3
P0008,O0367,1,0,2026-10-23,2026-11-09,South,5
P0004,O0368,1,0,2026-07-17,2026-08-04,West,2
P0008,O0369,0,0,2026-10-07,2026-10-11,South,4
P0020,O0370,0,0,2026-02-28,2026-03-05,Central,2
P0002,O0371,0,0,2026-11-30,2026-12-16,West,1
P0011,O0372,1,0,2026-08-21,2026-08-23,West,3
P0005,O0373,0,0,2026-08-13,2026-08-14,East,1
P0012,O0374,0,0,2026-01-05,2026-01-08,South,1
P0004,O0375,1,0,2026-08-03,2026-08-16,East,2
P0015,O0376,1,0,2026-10-01,2026-10-22,Central,1
P0014,O0377,0,0,2026-06-14,2026-06-19,West,2
P0016,O0378,0,1,2026-07-23,2026-07-31,West,4
P0006,O0379,0,0,2026-02-06,2026-02-19,West,4
P0001,O0380,0,0,2026-01-09,2026-01-23,North,1
P0004,O0381,0,0,2026-02-26,2026-03-18,East,5
P0006,O0382,1,0,2026-01-19,2026-01-21,East,4
P0002,O0383,1,0,2026-09-14,2026-09-28,North,3
P0007,O0384,0,0,2026-04-16,2026-05-06,North,3
P0013,O0385,1,0,2026-07-19,2026-08-01,Central,2
P0009,O0386,0,1,2026-10-13,2026-10-28,Central,1
P0006,O0387,0,0,2026-08-18,2026-08-30,East,2
P0018,O0388,1,0,2026-03-04,2026-03-12,South,2
P0013,O0389,0,0,2026-06-05,2026-06-22,East,3
P0004,O0390,0,0,2026-10-13,2026-10-14,South,2
P0006,O0391,1,0,2026-04-05,2026-04-22,South,5
P0014,O0392,1,0,2026-03-11,2026-03-24,South,5
P0009,O0393,0,0,2026-11-07,2026-11-11,East,5
P0018,O0394,1,0,2026-07-14,2026-07-26,North,1
P0001,O0395,1,0,2026-12-31,2027-01-03,South,3
P0017,O0396,0,0,2026-03-09,2026-03-20,West,2
P0001,O0397,1,0,2026-04-22,2026-05-11,South,5
P0008,O0398,0,0,2026-06-11,2026-06-25,West,3
P0017,O0399,0,0,2026-04-23,2026-05-02,Central,3
P0008,O0400,1,0,2026-09-14,2026-09-24,Central,5
P0019,O0401,0,0,2026-10-08,2026-10-27,South,4
P0001,O0402,0,0,2026-01-25,2026-02-14,West,5
P0011,O0403,1,0,2026-01-18,2026-01-29,North,3
P0004,O0404,0,0,2026-11-30,2026-12-09,West,1
P0006,O0405,0,0,2026-04-11,2026-04-12,East,2
P0001,O0406,0,0,2026-07-03,2026-07-04,West,4
P0008,O0407,0,0,2026-01-13,2026-01-21,Central,2
P0010,O0408,0,0,2026-09-11,2026-09-26,West,1
P0002,O0409,1,0,2026-08-18,2026-08-26,Central,2
P0010,O0410,1,0,2026-10-23,2026-10-31,East,3
P0017,O0411,0,0,2026-02-04,2026-02-07,Central,1
P0015,O0412,1,0,2026-05-03,2026-05-18,Central,2
P0011,O0413,0,0,2026-09-13,2026-09-15,South,5
P0004,O0414,0,0,2026-11-14,2026-11-29,South,5
P0015,O0415,0,0,2026-08-02,2026-08-14,South,3
P0005,O0416,0,0,2026-03-17,2026-03-25,West,4
P0019,O0417,1,0,2026-09-29,2026-10-11,Central,2
P0004,O0418,0,0,2026-10-31,2026-11-19,South,4
P0020,O0419,1,0,2026-05-26,2026-06-06,West,2
P0005,O0420,1,0,2026-05-06,2026-05-27,East,2
P0005,O0421,1,0,2026-10-22,2026-11-03,East,4
P0020,O0422,0,0,2026-06-28,2026-07-02,South,4
P0011,O0423,1,0,2026-01-01,2026-01-08,West,3
P0012,O0424,0,0,2026-10-01,2026-10-17,Central,4
P0011,O0425,0,0,2026-11-29,2026-12-14,East,5
P0002,O0426,1,0,2026-05-28,2026-05-30,East,2
P0009,O0427,0,0,2026-10-04,2026-10-06,Central,5
P0015,O0428,0,0,2026-02-11,2026-02-13,South,2
P0004,O0429,1,0,2026-08-05,2026-08-07,Central,3
P0006,O0430,1,0,2026-10-20,2026-10-27,West,2
P0007,O0431,0,0,2026-07-29,2026-08-08,Central,3
P0008,O0432,1,0,2026-05-23,2026-06-12,Central,3
P0008,O0433,0,0,2026-10-06,2026-10-13,North,2
P0020,O0434,0,0,2026-11-08,2026-11-11,South,2
P0005,O0435,1,0,2026-06-03,2026-06-07,West,4
P0001,O0436,1,0,2026-01-15,2026-01-23,North,5
P0012,O0437,0,0,2026-08-12,2026-08-27,East,4
P0013,O0438,0,0,2026-09-07,2026-09-20,East,3
P0013,O0439,0,1,2026-11-29,2026-12-05,Central,4
P0017,O0440,0,0,2026-02-03,2026-02-09,West,4
P0020,O0441,1,0,2026-08-25,2026-08-27,Central,2
P0010,O0442,0,0,2026-06-19,2026-07-08,West,1
P0009,O0443,0,0,2026-07-14,2026-07-21,South,4
P0012,O0444,1,0,2026-10-26,2026-11-10,Central,1
P0010,O0445,0,0,2026-08-19,2026-09-05,East,1
P0001,O0446,0,0,2026-12-14,2026-12-30,Central,1
P0010,O0447,1,1,2026-04-01,2026-04-22,West,1
P0007,O0448,1,0,2026-06-27,2026-07-10,East,4
P0008,O0449,0,0,2026-06-16,2026-07-06,East,5
P0016,O0450,1,0,2026-10-11,2026-10-17,Central,4
P0007,O0451,1,0,2026-05-09,2026-05-21,West,2
P0010,O0452,0,0,2026-04-02,2026-04-07,West,1
P0001,O0453,0,0,2026-02-08,2026-02-27,Central,5
P0007,O0454,0,0,2026-01-02,2026-01-10,East,4
P0008,O0455,0,0,2026-11-03,2026-11-12,South,3
P0006,O0456,1,0,2026-03-25,2026-03-26,Central,1
P0009,O0457,0,0,2026-06-30,2026-07-08,South,3
P0013,O0458,0,0,2026-10-19,2026-10-31,North,3
P0006,O0459,1,0,2026-07-29,2026-08-18,Central,2
P0017,O0460,1,0,2026-01-23,2026-01-25,Central,5
P0017,O0461,0,0,2026-02-22,2026-03-01,North,3
P0012,O0462,0,0,2026-06-09,2026-06-29,Central,3
P0001,O0463,0,1,2026-11-15,2026-11-27,Central,2
P0017,O0464,0,0,2026-06-09,2026-06-15,South,3
P0002,O0465,0,1,2026-10-23,2026-11-11,East,4
P0005,O0466,0,0,2026-08-21,2026-08-26,South,4
P0009,O0467,0,1,2026-06-25,2026-07-03,Central,4
P0020,O0468,0,0,2026-05-17,2026-05-28,Central,2
P0004,O0469,0,0,2026-01-21,2026-02-05,North,5
P0006,O0470,1,0,2026-01-09,2026-01-14,West,2
P0008,O0471,0,0,2026-05-19,2026-06-01,North,5
P0010,O0472,0,0,2026-11-28,2026-11-29,South,5
P0005,O0473,0,0,2026-12-25,2027-01-01,East,4
P0005,O0474,1,0,2026-10-09,2026-10-14,South,5
P0004,O0475,1,0,2026-09-18,2026-09-22,East,4
P0010,O0476,1,0,2026-09-16,2026-09-24,North,2
P0015,O0477,0,0,2026-12-20,2027-01-02,North,2
P0006,O0478,1,0,2026-03-19,2026-04-08,Central,2
P0019,O0479,0,0,2026-07-20,2026-07-26,East,2
P0006,O0480,0,0,2026-02-05,2026-02-23,North,2
P0012,O0481,0,0,2026-02-13,2026-02-14,Central,3
P0003,O0482,1,1,2026-01-16,2026-01-26,East,2
P0013,O0483,1,0,2026-10-12,2026-10-25,East,2
P0002,O0484,1,0,2026-11-15,2026-12-02,East,1
P0005,O0485,0,0,2026-08-18,2026-08-24,North,2
P0001,O0486,1,0,2026-05-06,2026-05-17,Central,2
P0002,O0487,0,0,2026-03-03,2026-03-10,North,5
P0006,O0488,0,0,2026-06-18,2026-07-06,East,4
P0009,O0489,0,0,2026-03-20,2026-04-06,South,5
P0002,O0490,0,0,2026-02-28,2026-03-21,Central,4
P0020,O0491,1,0,2026-07-11,2026-07-21,Central,1
P0019,O0492,0,0,2026-08-29,2026-09-07,South,1
P0016,O0493,0,0,2026-08-06,2026-08-13,West,3
P0001,O0494,1,0,2026-12-08,2026-12-09,Central,1
P0016,O0495,0,0,2026-08-06,2026-08-16,North,1
P0011,O0496,0,0,2026-02-01,2026-02-18,South,3
P0013,O0497,1,0,2026-02-11,2026-02-12,Central,5
P0016,O0498,1,0,2026-01-30,2026-02-20,West,3
P0019,O0499,1,0,2026-06-01,2026-06-16,Central,3
P0008,O0500,0,0,2026-07-21,2026-08-06,East,4
P0013,O0501,1,0,2026-06-02,2026-06-18,North,5
P0012,O0502,0,0,2026-03-11,2026-03-21,South,3
P0017,O0503,0,0,2026-01-08,2026-01-26,West,1
P0016,O0504,0,0,2026-03-18,2026-04-08,East,1
P0007,O0505,1,0,2026-11-01,2026-11-18,South,5
P0011,O0506,0,0,2026-03-17,2026-04-01,South,4
P0004,O0507,0,0,2026-10-12,2026-10-18,East,4
P0012,O0508,0,0,2026-02-10,2026-02-14,South,3
P0013,O0509,0,0,2026-12-04,2026-12-21,Central,2
P0015,O0510,0,0,2026-02-09,2026-02-27,Central,1
P0012,O0511,0,0,2026-09-18,2026-10-05,South,2
P0014,O0512,1,0,2026-01-16,2026-01-27,West,1
P0013,O0513,0,0,2026-05-28,2026-06-13,North,2
P0015,O0514,0,0,2026-07-14,2026-07-23,West,4
P0017,O0515,1,0,2026-02-21,2026-02-27,Central,3
P0017,O0516,1,0,2026-03-02,2026-03-06,West,4
P0018,O0517,0,1,2026-06-05,2026-06-26,East,4
P0003,O0518,0,0,2026-03-17,2026-03-25,North,2
P0016,O0519,1,0,2026-05-24,2026-05-26,Central,3
P0013,O0520,1,0,2026-06-11,2026-06-13,North,5
P0019,O0521,1,0,2026-10-06,2026-10-12,Central,4
P0004,O0522,0,0,2026-08-25,2026-08-27,East,3
P0003,O0523,0,0,2026-12-04,2026-12-20,East,3
P0012,O0524,0,0,2026-03-07,2026-03-26,South,4
P0001,O0525,0,0,2026-11-16,2026-11-24,West,3
P0004,O0526,0,0,2026-09-05,2026-09-06,Central,1
P0011,O0527,0,0,2026-10-03,2026-10-24,Central,4
P0006,O0528,0,0,2026-10-20,2026-10-29,North,5
P0002,O0529,0,0,2026-12-27,2026-12-28,East,5
P0020,O0530,0,0,2026-09-01,2026-09-14,South,2
P0006,O0531,1,0,2026-12-25,2027-01-13,South,3
P0019,O0532,1,0,2026-05-14,2026-05-22,North,5
P0017,O0533,0,0,2026-05-21,2026-06-02,North,2
P0010,O0534,0,0,2026-06-14,2026-07-04,North,3
P0017,O0535,1,0,2026-08-19,2026-08-27,South,4
P0020,O0536,0,0,2026-08-28,2026-09-12,South,2
P0004,O0537,0,0,2026-10-24,2026-11-09,Central,4
P0012,O0538,0,0,2026-06-21,2026-06-29,North,5
P0011,O0539,0,0,2026-03-15,2026-03-18,Central,3
P0020,O0540,1,0,2026-11-06,2026-11-11,West,1
P0007,O0541,0,0,2026-01-27,2026-02-07,Central,4
P0012,O0542,0,0,2026-06-25,2026-07-05,East,5
P0019,O0543,1,0,2026-02-17,2026-02-19,South,5
P0001,O0544,0,0,2026-02-11,2026-02-24,Central,1
P0003,O0545,0,0,2026-11-30,2026-12-19,North,2
P0002,O0546,1,0,2026-10-17,2026-10-31,West,4
P0020,O0547,1,1,2026-01-20,2026-02-01,West,1
P0017,O0548,0,0,2026-06-14,2026-06-20,East,4
P0014,O0549,0,0,2026-03-15,2026-03-23,North,3
P0020,O0550,0,0,2026-10-01,2026-10-18,West,1
P0007,O0551,1,0,2026-09-30,2026-10-18,East,2
P0003,O0552,1,0,2026-11-12,2026-11-17,East,5
P0007,O0553,0,0,2026-01-01,2026-01-16,South,4
P0013,O0554,1,0,2026-12-09,2026-12-17,East,5
P0013,O0555,0,0,2026-05-22,2026-05-23,North,1
P0010,O0556,1,0,2026-04-29,2026-05-03,North,1
P0007,O0557,1,0,2026-01-10,2026-01-27,West,2
P0006,O0558,1,0,2026-02-23,2026-02-26,Central,3
P0004,O0559,0,0,2026-10-26,2026-11-10,North,4
P0009,O0560,0,1,2026-02-06,2026-02-18,Central,1
P0010,O0561,0,0,2026-06-27,2026-07-13,North,4
P0004,O0562,0,0,2026-12-07,2026-12-19,East,1
P0010,O0563,1,0,2026-12-04,2026-12-13,South,2
P0001,O0564,1,0,2026-08-21,2026-08-22,East,2
P0010,O0565,0,0,2026-04-27,2026-05-07,West,3
P0011,O0566,0,0,2026-12-07,2026-12-20,West,3
P0012,O0567,0,0,2026-09-12,2026-09-28,Central,4
P0012,O0568,1,0,2026-04-16,2026-05-01,Central,3
P0001,O0569,0,0,2026-05-12,2026-05-18,West,2
P0001,O0570,1,0,2026-04-18,2026-05-03,South,5
P0013,O0571,1,0,2026-05-06,2026-05-21,South,2
P0002,O0572,0,0,2026-03-24,2026-03-26,South,3
P0016,O0573,0,0,2026-07-18,2026-08-03,Central,4
P0007,O0574,0,0,2026-02-15,2026-03-05,East,1
P0004,O0575,0,0,2026-12-31,2027-01-14,Central,1
P0015,O0576,0,1,2026-03-29,2026-04-15,East,3
P0013,O0577,1,0,2026-02-18,2026-03-07,East,1
P0015,O0578,1,0,2026-08-26,2026-09-16,East,5
P0001,O0579,0,0,2026-05-05,2026-05-25,North,2
P0012,O0580,1,0,2026-01-05,2026-01-06,East,1
P0005,O0581,0,0,2026-10-04,2026-10-17,East,3
P0003,O0582,0,0,2026-04-22,2026-05-05,Central,1
P0018,O0583,0,0,2026-12-28,2027-01-01,West,3
P0012,O0584,0,0,2026-05-19,2026-05-22,South,2
P0014,O0585,1,0,2026-02-14,2026-02-25,North,2
P0013,O0586,0,0,2026-06-06,2026-06-14,West,5
P0019,O0587,0,1,2026-04-23,2026-04-27,East,5
P0016,O0588,0,0,2026-02-05,2026-02-21,West,2
P0007,O0589,0,0,2026-12-28,2026-12-30,East,4
P0016,O0590,0,0,2026-08-27,2026-09-04,West,4
P0007,O0591,1,0,2026-05-02,2026-05-18,North,3
P0003,O0592,1,0,2026-11-01,2026-11-08,Central,1
P0019,O0593,0,0,2026-03-25,2026-03-29,West,4
P0020,O0594,0,0,2026-12-04,2026-12-16,East,1
P0019,O0595,1,0,2026-03-08,2026-03-15,Central,3
P0003,O0596,1,1,2026-08-19,2026-08-30,South,1
P0003,O0597,0,0,2026-08-16,2026-08-25,West,1
P0012,O0598,0,0,2026-01-17,2026-02-01,East,2
P0018,O0599,1,0,2026-05-09,2026-05-20,Central,1
P0012,O0600,0,0,2026-11-23,2026-11-25,South,1
P0004,O0601,1,0,2026-12-06,2026-12-16,North,4
P0002,O0602,1,1,2026-11-22,2026-12-06,East,3
P0006,O0603,0,0,2026-08-18,2026-08-26,Central,2
P0007,O0604,0,0,2026-06-20,2026-06-26,East,4
P0002,O0605,0,0,2026-02-07,2026-02-18,West,5
P0009,O0606,0,0,2026-02-25,2026-03-06,North,2
P0014,O0607,0,0,2026-05-19,2026-05-26,North,2
P0016,O0608,0,0,2026-05-21,2026-06-02,East,4
P0018,O0609,0,0,2026-05-09,2026-05-14,North,1
P0011,O0610,1,0,2026-05-16,2026-05-18,East,5
P0020,O0611,0,0,2026-12-06,2026-12-10,Central,3
P0017,O0612,1,0,2026-12-13,2026-12-25,Central,1
P0019,O0613,0,0,2026-11-05,2026-11-09,South,5
P0012,O0614,1,0,2026-10-02,2026-10-23,South,4
P0017,O0615,1,0,2026-02-10,2026-02-12,North,1
P0008,O0616,0,0,2026-09-02,2026-09-13,North,1
P0011,O0617,0,0,2026-11-07,2026-11-25,South,5
P0019,O0618,0,0,2026-12-06,2026-12-22,Central,4
P0002,O0619,0,0,2026-08-23,2026-09-10,West,1
P0005,O0620,1,0,2026-01-17,2026-01-29,West,5
P0009,O0621,0,0,2026-10-02,2026-10-14,North,5
P0016,O0622,1,0,2026-10-30,2026-11-16,Central,1
P0001,O0623,0,0,2026-06-20,2026-06-21,West,4
P0016,O0624,0,0,2026-03-19,2026-04-04,Central,3
P0016,O0625,0,0,2026-12-06,2026-12-07,South,1
P0016,O0626,0,0,2026-07-24,2026-07-31,West,2
P0013,O0627,0,0,2026-10-24,2026-11-10,North,4
P0012,O0628,0,0,2026-08-16,2026-08-18,South,1
P0009,O0629,1,0,2026-01-18,2026-01-25,North,1
P0007,O0630,0,0,2026-06-11,2026-06-30,North,2
P0018,O0631,0,0,2026-05-07,2026-05-15,East,1
P0015,O0632,1,0,2026-08-29,2026-09-18,Central,4
P0015,O0633,1,0,2026-01-10,2026-01-22,South,1
P0008,O0634,1,0,2026-10-01,2026-10-14,West,5
P0011,O0635,0,0,2026-10-03,2026-10-24,West,2
P0015,O0636,1,0,2026-01-14,2026-01-29,South,5
P0018,O0637,0,0,2026-05-02,2026-05-05,East,2
P0015,O0638,1,0,2026-01-31,2026-02-02,South,4
P0005,O0639,0,0,2026-05-30,2026-06-02,West,5
P0018,O0640,0,0,2026-05-08,2026-05-09,South,2
P0012,O0641,1,0,2026-03-28,2026-04-17,Central,3
P0004,O0642,0,0,2026-04-18,2026-04-21,West,2
P0009,O0643,0,1,2026-04-15,2026-05-06,South,2
P0011,O0644,0,1,2026-12-17,2026-12-24,West,4
P0001,O0645,0,0,2026-04-21,2026-04-29,South,4
P0018,O0646,0,0,2026-02-06,2026-02-16,North,1
P0012,O0647,1,0,2026-02-25,2026-03-16,West,2
P0018,O0648,0,0,2026-10-06,2026-10-13,South,3
P0005,O0649,0,1,2026-09-14,2026-09-16,South,3
P0001,O0650,0,0,2026-12-12,2027-01-01,East,5
P0001,O0651,0,0,2026-10-10,2026-10-18,Central,3
P0010,O0652,0,1,2026-02-16,2026-02-22,West,1
P0008,O0653,1,0,2026-10-03,2026-10-09,West,3
P0014,O0654,0,1,2026-12-02,2026-12-06,North,5
P0001,O0655,0,0,2026-02-23,2026-02-25,East,4
P0015,O0656,1,0,2026-12-27,2026-12-29,North,3
P0010,O0657,0,0,2026-09-01,2026-09-08,North,3
P0001,O0658,1,0,2026-11-25,2026-12-07,North,3
P0016,O0659,0,0,2026-04-26,2026-05-17,South,4
P0011,O0660,0,0,2026-11-29,2026-12-04,South,1
P0010,O0661,0,0,2026-10-25,2026-11-01,East,2
P0006,O0662,0,1,2026-10-07,2026-10-09,Central,2
P0005,O0663,1,0,2026-01-11,2026-01-24,East,1
P0002,O0664,1,0,2026-09-08,2026-09-20,Central,4
P0017,O0665,1,0,2026-01-13,2026-01-28,East,1
P0020,O0666,0,0,2026-07-06,2026-07-15,South,5
P0014,O0667,0,0,2026-01-22,2026-02-07,East,2
P0002,O0668,0,0,2026-07-13,2026-07-31,West,3
P0010,O0669,0,0,2026-08-22,2026-08-27,West,1
P0004,O0670,1,0,2026-11-23,2026-12-13,West,4
P0008,O0671,0,0,2026-03-05,2026-03-12,West,2
P0011,O0672,1,0,2026-04-13,2026-04-25,East,2
P0003,O0673,1,0,2026-03-18,2026-03-19,Central,5
P0011,O0674,1,0,2026-02-07,2026-02-11,South,5
P0009,O0675,0,0,2026-03-09,2026-03-21,South,3
P0004,O0676,0,0,2026-06-20,2026-07-03,Central,3
P0010,O0677,0,0,2026-06-21,2026-06-23,West,5
P0006,O0678,1,0,2026-11-16,2026-11-17,North,3
P0015,O0679,0,0,2026-08-09,2026-08-27,East,4
P0015,O0680,0,0,2026-06-29,2026-07-16,South,1
P0019,O0681,1,0,2026-04-11,2026-04-14,Central,4
P0011,O0682,0,0,2026-06-16,2026-07-05,North,5
P0018,O0683,0,0,2026-05-06,2026-05-08,Central,3
P0019,O0684,0,0,2026-01-07,2026-01-12,West,2
P0015,O0685,1,0,2026-11-24,2026-12-03,East,1
P0007,O0686,0,0,2026-05-13,2026-05-23,North,2
P0003,O0687,1,0,2026-11-20,2026-12-07,Central,2
P0019,O0688,1,0,2026-06-07,2026-06-12,West,1
P0018,O0689,0,0,2026-01-20,2026-02-09,South,5
P0010,O0690,0,0,2026-07-25,2026-08-14,East,2
P0018,O0691,1,0,2026-07-21,2026-08-03,East,5
P0014,O0692,0,0,2026-07-24,2026-08-12,East,4
P0015,O0693,1,0,2026-08-05,2026-08-15,West,3
P0006,O0694,0,0,2026-11-09,2026-11-19,South,1
P0006,O0695,0,0,2026-03-17,2026-04-03,North,1
P0017,O0696,1,0,2026-05-29,2026-06-10,West,5
P0012,O0697,1,1,2026-11-25,2026-12-16,East,1
P0015,O0698,0,0,2026-03-20,2026-04-05,East,2
P0016,O0699,1,0,2026-02-14,2026-02-28,North,1
P0005,O0700,1,0,2026-02-22,2026-03-12,South,2
P0011,O0701,0,0,2026-10-12,2026-10-13,Central,1
P0008,O0702,0,0,2026-02-18,2026-03-11,North,1
P0013,O0703,1,0,2026-04-19,2026-04-22,South,3
P0009,O0704,1,0,2026-05-09,2026-05-25,East,5
P0002,O0705,0,0,2026-03-14,2026-03-29,West,2
P0012,O0706,0,0,2026-03-14,2026-03-17,West,2
P0019,O0707,1,0,2026-08-18,2026-08-26,East,3
P0002,O0708,0,0,2026-03-31,2026-04-20,West,4
P0004,O0709,0,0,2026-01-28,2026-02-17,West,1
P0007,O0710,1,0,2026-06-02,2026-06-15,South,5
P0007,O0711,0,1,2026-12-16,2026-12-28,South,1
P0016,O0712,1,0,2026-09-20,2026-10-11,North,2
P0016,O0713,1,0,2026-07-31,2026-08-21,West,5
P0014,O0714,0,0,2026-10-26,2026-11-01,West,3
P0011,O0715,0,0,2026-01-21,2026-01-30,South,4
P0006,O0716,0,0,2026-04-01,2026-04-04,North,1
P0002,O0717,1,0,2026-12-23,2027-01-09,North,2
P0001,O0718,1,0,2026-11-19,2026-11-30,East,3
P0020,O0719,0,0,2026-06-13,2026-06-24,West,5
P0014,O0720,0,0,2026-02-28,2026-03-02,East,1
P0017,O0721,0,0,2026-04-05,2026-04-08,West,5
P0013,O0722,1,0,2026-12-27,2026-12-31,East,3
P0019,O0723,0,0,2026-01-14,2026-01-24,East,3
P0015,O0724,0,0,2026-06-11,2026-06-15,North,1
P0002,O0725,0,0,2026-03-02,2026-03-13,North,1
P0009,O0726,1,0,2026-01-07,2026-01-27,North,2
P0004,O0727,0,0,2026-02-13,2026-02-20,West,2
P0005,O0728,0,0,2026-04-19,2026-05-05,West,2
P0006,O0729,0,0,2026-08-31,2026-09-11,West,1
P0007,O0730,0,0,2026-10-23,2026-10-30,South,3
P0010,O0731,1,0,2026-08-14,2026-09-01,East,3
P0005,O0732,1,0,2026-02-18,2026-03-04,East,1
P0006,O0733,0,0,2026-04-11,2026-04-16,West,1
P0019,O0734,0,0,2026-08-20,2026-09-08,North,2
P0008,O0735,0,0,2026-12-18,2026-12-30,Central,4
P0008,O0736,0,0,2026-10-01,2026-10-08,East,5
P0016,O0737,1,0,2026-11-02,2026-11-22,Central,2
P0014,O0738,1,0,2026-05-03,2026-05-23,East,1
P0017,O0739,0,0,2026-12-15,2026-12-25,Central,4
P0020,O0740,1,0,2026-08-11,2026-08-17,South,5
P0006,O0741,0,0,2026-01-21,2026-02-10,Central,2
P0018,O0742,0,1,2026-11-10,2026-11-18,North,5
P0006,O0743,0,0,2026-03-13,2026-03-21,West,2
P0015,O0744,0,0,2026-11-13,2026-11-18,West,3
P0012,O0745,0,0,2026-06-01,2026-06-03,South,4
P0006,O0746,0,0,2026-10-12,2026-10-13,North,5
P0006,O0747,0,0,2026-09-10,2026-09-15,North,1
P0010,O0748,0,0,2026-03-12,2026-03-14,Central,3
P0018,O0749,1,0,2026-04-17,2026-04-23,South,1
P0004,O0750,0,0,2026-01-03,2026-01-15,South,3
P0012,O0751,1,0,2026-09-15,2026-09-27,West,3
P0014,O0752,0,0,2026-04-21,2026-04-25,West,1
P0008,O0753,1,0,2026-05-15,2026-05-20,South,2
P0002,O0754,0,0,2026-03-07,2026-03-11,North,3
P0012,O0755,0,0,2026-03-20,2026-04-04,North,2
P0019,O0756,1,0,2026-08-06,2026-08-18,Central,2
P0013,O0757,1,0,2026-02-06,2026-02-19,South,2
P0020,O0758,0,0,2026-10-06,2026-10-19,South,4
P0010,O0759,0,0,2026-01-30,2026-02-03,East,2
P0006,O0760,0,0,2026-11-10,2026-12-01,North,4
P0011,O0761,0,1,2026-08-22,2026-08-31,South,3
P0013,O0762,0,0,2026-12-20,2027-01-10,South,1
P0007,O0763,1,0,2026-01-24,2026-01-29,North,3
P0014,O0764,0,0,2026-09-20,2026-09-28,North,5
P0015,O0765,0,0,2026-07-23,2026-08-08,West,1
P0017,O0766,0,0,2026-01-11,2026-01-23,Central,2
P0001,O0767,0,0,2026-03-28,2026-04-11,West,4
P0003,O0768,1,0,2026-03-30,2026-04-12,Central,4
P0014,O0769,0,0,2026-04-04,2026-04-25,East,3
P0006,O0770,0,0,2026-08-23,2026-09-02,North,5
P0015,O0771,1,0,2026-07-25,2026-07-31,North,1
P0007,O0772,0,0,2026-12-05,2026-12-06,Central,2
P0013,O0773,0,0,2026-05-18,2026-05-28,North,2
P0018,O0774,0,0,2026-10-19,2026-10-22,East,3
P0005,O0775,0,0,2026-10-28,2026-11-18,West,5
P0005,O0776,1,0,2026-05-05,2026-05-24,North,2
P0012,O0777,0,0,2026-08-15,2026-08-22,South,5
P0008,O0778,0,0,2026-05-25,2026-05-27,Central,3
P0014,O0779,0,0,2026-07-11,2026-07-20,North,1
P0004,O0780,1,0,2026-01-12,2026-01-31,Central,1
P0016,O0781,0,0,2026-07-22,2026-08-09,East,1
P0017,O0782,1,0,2026-10-25,2026-11-02,Central,2
P0017,O0783,1,0,2026-11-23,2026-12-07,South,5
P0006,O0784,0,0,2026-03-29,2026-04-05,West,2
P0008,O0785,0,0,2026-12-14,2026-12-17,South,3
P0011,O0786,0,0,2026-04-02,2026-04-23,East,4
P0007,O0787,0,0,2026-06-17,2026-07-03,South,1
P0013,O0788,0,0,2026-04-17,2026-04-30,South,1
P0009,O0789,1,0,2026-04-20,2026-05-04,South,4
P0013,O0790,0,0,2026-02-10,2026-02-13,South,5
P0011,O0791,0,0,2026-10-14,2026-10-18,South,3
P0017,O0792,0,0,2026-01-25,2026-02-02,South,2
P0007,O0793,1,0,2026-09-01,2026-09-15,West,5
P0013,O0794,1,0,2026-02-20,2026-03-13,East,2
P0017,O0795,0,0,2026-01-06,2026-01-15,Central,1
P0007,O0796,0,0,2026-05-19,2026-05-21,Central,5
P0010,O0797,0,0,2026-03-08,2026-03-10,Central,4
P0001,O0798,1,0,2026-08-09,2026-08-10,North,4
P0013,O0799,0,0,2026-12-02,2026-12-09,Central,5
P0011,O0800,0,0,2026-07-18,2026-08-05,North,4
P0017,O0801,0,0,2026-11-05,2026-11-15,North,2
P0011,O0802,0,0,2026-12-12,2026-12-21,South,4
P0005,O0803,1,0,2026-04-29,2026-05-04,West,5
P0019,O0804,1,0,2026-03-08,2026-03-10,East,5
P0002,O0805,0,0,2026-11-25,2026-11-28,Central,3
P0007,O0806,1,0,2026-08-07,2026-08-28,North,1
P0013,O0807,0,0,2026-11-08,2026-11-16,South,1
P0012,O0808,1,0,2026-12-29,2027-01-08,North,5
P0009,O0809,0,0,2026-07-12,2026-07-27,North,5
P0011,O0810,0,0,2026-02-03,2026-02-16,East,3
P0018,O0811,0,0,2026-08-03,2026-08-09,West,1
P0014,O0812,0,0,2026-11-27,2026-12-01,East,5
P0008,O0813,1,0,2026-08-12,2026-08-27,Central,4
P0010,O0814,0,0,2026-01-14,2026-02-02,North,2
P0004,O0815,1,0,2026-04-15,2026-04-25,West,3
P0014,O0816,0,0,2026-09-04,2026-09-07,North,2
P0003,O0817,1,0,2026-01-23,2026-02-09,Central,3
P0012,O0818,0,0,2026-08-19,2026-08-24,Central,5
P0016,O0819,0,0,2026-07-03,2026-07-23,West,4
P0019,O0820,0,0,2026-03-06,2026-03-14,East,3
P0013,O0821,1,0,2026-10-04,2026-10-15,South,5
P0003,O0822,1,0,2026-04-24,2026-05-05,East,2
P0003,O0823,0,0,2026-08-13,2026-08-19,North,5
P0009,O0824,0,0,2026-11-03,2026-11-16,South,3
P0004,O0825,0,0,2026-06-07,2026-06-11,North,5
P0004,O0826,0,0,2026-08-22,2026-09-09,Central,4
P0008,O0827,1,0,2026-04-05,2026-04-08,West,4
P0007,O0828,1,0,2026-12-11,2026-12-30,West,4
P0001,O0829,1,0,2026-01-23,2026-02-08,East,1
P0006,O0830,0,0,2026-09-28,2026-10-05,South,3
P0019,O0831,0,0,2026-04-17,2026-05-01,South,2
P0017,O0832,1,0,2026-12-14,2026-12-21,North,3
P0008,O0833,0,0,2026-06-19,2026-07-10,North,2
P0011,O0834,0,0,2026-04-02,2026-04-04,West,1
P0016,O0835,0,0,2026-02-04,2026-02-09,South,4
P0007,O0836,0,0,2026-05-18,2026-06-04,North,2
P0019,O0837,0,0,2026-04-08,2026-04-19,South,2
P0004,O0838,0,0,2026-05-20,2026-06-01,East,4
P0018,O0839,0,0,2026-04-12,2026-04-13,West,5
P0002,O0840,0,0,2026-12-18,2027-01-01,North,2
P0005,O0841,0,0,2026-03-21,2026-03-24,North,1
P0010,O0842,0,0,2026-11-24,2026-11-25,South,2
P0008,O0843,1,0,2026-11-02,2026-11-21,Central,4
P0015,O0844,1,0,2026-07-17,2026-08-05,South,3
P0011,O0845,1,0,2026-01-18,2026-01-30,East,5
P0014,O0846,0,0,2026-09-14,2026-09-30,West,2
P0005,O0847,1,0,2026-10-16,2026-10-24,East,2
P0018,O0848,0,0,2026-04-08,2026-04-21,Central,4
P0014,O0849,0,0,2026-02-10,2026-02-11,Central,5
P0010,O0850,1,0,2026-08-12,2026-08-30,North,2
P0011,O0851,1,0,2026-07-18,2026-07-23,West,5
P0008,O0852,0,0,2026-07-29,2026-08-18,West,4
P0014,O0853,0,0,2026-11-26,2026-12-17,North,1
P0019,O0854,1,0,2026-11-05,2026-11-25,Central,4
P0019,O0855,1,0,2026-10-30,2026-11-02,North,2
P0018,O0856,1,0,2026-11-05,2026-11-15,South,3
P0009,O0857,0,0,2026-10-05,2026-10-08,North,4
P0002,O0858,0,0,2026-01-17,2026-01-22,East,2
P0007,O0859,0,0,2026-08-05,2026-08-18,East,5
P0009,O0860,1,0,2026-10-18,2026-11-05,North,5
P0020,O0861,0,0,2026-02-16,2026-03-04,East,4
P0014,O0862,1,0,2026-05-16,2026-05-20,North,3
P0006,O0863,0,0,2026-01-21,2026-01-29,East,5
P0008,O0864,1,0,2026-11-23,2026-12-02,East,3
P0018,O0865,1,0,2026-12-19,2026-12-22,Central,1
P0002,O0866,0,0,2026-09-24,2026-10-07,Central,5
P0006,O0867,1,0,2026-02-01,2026-02-13,West,1
P0008,O0868,1,0,2026-01-20,2026-01-23,South,5
P0015,O0869,0,0,2026-08-28,2026-09-15,East,3
P0020,O0870,0,0,2026-02-04,2026-02-05,North,3
P0001,O0871,1,1,2026-07-22,2026-07-31,Central,4
P0013,O0872,0,0,2026-03-11,2026-03-18,North,5
P0019,O0873,0,0,2026-02-03,2026-02-08,West,5
P0008,O0874,1,0,2026-02-02,2026-02-20,West,1
P0020,O0875,0,0,2026-01-07,2026-01-18,North,4
P0018,O0876,1,0,2026-10-26,2026-11-16,East,5
P0004,O0877,0,0,2026-05-04,2026-05-22,Central,1
P0003,O0878,0,0,2026-05-25,2026-05-27,South,1
P0013,O0879,0,0,2026-05-08,2026-05-26,North,4
P0010,O0880,1,0,2026-08-25,2026-09-08,East,3
P0019,O0881,1,0,2026-09-19,2026-10-09,Central,5
P0016,O0882,0,0,2026-08-24,2026-08-26,Central,5
P0006,O0883,1,0,2026-06-28,2026-07-03,North,2
P0014,O0884,0,0,2026-06-22,2026-06-25,West,1
P0014,O0885,0,0,2026-05-28,2026-05-31,Central,2
P0011,O0886,0,1,2026-02-04,2026-02-06,South,4
P0002,O0887,0,0,2026-09-23,2026-09-26,Central,3
P0007,O0888,1,0,2026-01-08,2026-01-11,South,5
P0017,O0889,0,1,2026-01-23,2026-02-07,Central,1
P0004,O0890,0,0,2026-02-13,2026-03-01,West,3
P0018,O0891,0,0,2026-11-08,2026-11-17,North,5
P0003,O0892,0,0,2026-01-16,2026-01-17,South,1
P0004,O0893,0,0,2026-10-20,2026-11-10,Central,1
P0016,O0894,0,0,2026-01-13,2026-02-03,West,4
P0010,O0895,0,0,2026-10-07,2026-10-19,East,3
P0007,O0896,1,0,2026-12-14,2026-12-24,East,3
P0016,O0897,0,0,2026-04-15,2026-04-29,West,1
P0006,O0898,0,0,2026-09-09,2026-09-28,West,2
P0001,O0899,0,0,2026-09-29,2026-10-12,North,4
P0012,O0900,1,0,2026-02-26,2026-03-03,East,1
P0008,O0901,0,0,2026-12-09,2026-12-27,North,3
P0007,O0902,0,0,2026-04-28,2026-05-07,East,4
P0016,O0903,0,0,2026-05-22,2026-06-09,North,4
P0006,O0904,0,0,2026-10-09,2026-10-22,East,5
P0006,O0905,0,0,2026-06-19,2026-07-04,South,3
P0018,O0906,1,0,2026-03-23,2026-04-02,West,3
P0005,O0907,1,0,2026-07-04,2026-07-08,North,5
P0019,O0908,0,0,2026-02-21,2026-03-14,Central,4
P0019,O0909,0,0,2026-03-19,2026-04-03,North,2
P0019,O0910,0,0,2026-07-04,2026-07-14,East,4
P0003,O0911,0,0,2026-02-28,2026-03-02,East,1
P0014,O0912,1,0,2026-02-22,2026-03-01,Central,2
P0004,O0913,0,0,2026-11-16,2026-11-30,Central,4
P0014,O0914,0,0,2026-04-14,2026-04-29,South,2
P0002,O0915,0,0,2026-02-16,2026-02-20,South,2
P0019,O0916,0,0,2026-09-10,2026-09-20,North,2
P0014,O0917,1,0,2026-06-12,2026-06-14,South,5
P0001,O0918,1,0,2026-05-11,2026-05-17,East,5
P0011,O0919,0,0,2026-11-15,2026-12-03,North,1
P0006,O0920,1,0,2026-05-03,2026-05-14,South,4
P0001,O0921,1,0,2026-08-22,2026-08-29,West,2
P0005,O0922,0,0,2026-02-25,2026-03-09,South,1
P0014,O0923,0,1,2026-12-23,2027-01-05,West,5
P0019,O0924,0,0,2026-08-16,2026-09-03,Central,1
P0017,O0925,0,0,2026-06-27,2026-07-03,South,2
P0019,O0926,0,0,2026-12-28,2027-01-18,South,1
P0013,O0927,1,0,2026-03-02,2026-03-07,South,4
P0013,O0928,0,0,2026-09-25,2026-10-03,West,2
P0002,O0929,0,0,2026-06-07,2026-06-19,Central,3
P0011,O0930,0,0,2026-01-02,2026-01-22,South,4
P0011,O0931,0,0,2026-10-24,2026-11-08,South,1
P0005,O0932,0,0,2026-03-30,2026-04-18,North,5
P0003,O0933,0,0,2026-05-12,2026-05-21,Central,2
P0017,O0934,0,0,2026-03-20,2026-03-30,West,1
P0002,O0935,0,0,2026-12-21,2027-01-03,East,2
P0018,O0936,0,0,2026-07-15,2026-07-20,East,5
P0009,O0937,0,0,2026-01-09,2026-01-12,South,5
P0006,O0938,0,0,2026-07-29,2026-08-08,South,4
P0007,O0939,1,0,2026-09-27,2026-10-18,West,3
P0001,O0940,0,0,2026-05-15,2026-05-23,Central,3
P0012,O0941,0,0,2026-11-12,2026-11-30,South,4
P0001,O0942,0,0,2026-08-14,2026-08-23,East,4
P0015,O0943,0,0,2026-08-06,2026-08-22,South,3
P0014,O0944,0,0,2026-10-07,2026-10-25,East,3
P0003,O0945,0,0,2026-01-22,2026-01-23,Central,5
P0010,O0946,1,0,2026-05-04,2026-05-08,West,5
P0012,O0947,1,0,2026-09-11,2026-10-01,East,5
P0020,O0948,0,0,2026-04-18,2026-04-27,West,5
P0020,O0949,1,0,2026-11-17,2026-12-03,Central,1
P0018,O0950,1,0,2026-03-08,2026-03-17,West,3
P0002,O0951,0,0,2026-06-04,2026-06-10,North,2
P0002,O0952,1,0,2026-03-31,2026-04-09,West,2
P0001,O0953,0,0,2026-12-24,2026-12-27,North,1
P0020,O0954,1,0,2026-11-19,2026-12-04,North,4
P0011,O0955,1,0,2026-02-08,2026-02-28,West,3
P0005,O0956,0,0,2026-03-05,2026-03-10,South,3
P0004,O0957,1,0,2026-06-20,2026-06-30,Central,5
P0010,O0958,1,0,2026-01-22,2026-02-04,Central,1
P0001,O0959,0,0,2026-11-20,2026-12-04,West,3
P0016,O0960,1,0,2026-09-20,2026-09-21,North,4
P0001,O0961,1,0,2026-09-13,2026-09-16,West,3
P0014,O0962,1,0,2026-02-02,2026-02-04,South,3
P0012,O0963,0,0,2026-10-24,2026-10-29,North,2
P0007,O0964,0,0,2026-05-14,2026-05-26,East,1
P0007,O0965,1,0,2026-05-15,2026-05-22,Central,1
P0017,O0966,0,0,2026-09-13,2026-09-19,East,5
P0002,O0967,1,0,2026-03-01,2026-03-22,South,1
P0014,O0968,0,0,2026-09-15,2026-09-21,Central,4
P0016,O0969,0,0,2026-07-13,2026-07-18,South,2
P0010,O0970,1,0,2026-08-06,2026-08-12,South,4
P0014,O0971,1,0,2026-11-03,2026-11-15,West,3
P0017,O0972,1,0,2026-06-05,2026-06-17,West,4
P0006,O0973,0,0,2026-03-28,2026-04-03,North,1
P0015,O0974,0,0,2026-06-13,2026-06-23,West,1
P0015,O0975,0,0,2026-06-30,2026-07-03,East,4
P0011,O0976,1,0,2026-09-01,2026-09-03,East,2
P0004,O0977,0,0,2026-07-21,2026-08-08,East,2
P0010,O0978,0,0,2026-10-21,2026-10-22,Central,1
P0009,O0979,1,0,2026-06-13,2026-06-14,West,5
P0018,O0980,0,0,2026-04-09,2026-04-30,West,3
P0016,O0981,0,0,2026-03-09,2026-03-14,South,1
P0018,O0982,1,0,2026-06-22,2026-06-30,South,5
P0006,O0983,0,0,2026-08-04,2026-08-16,East,5
P0015,O0984,0,0,2026-12-01,2026-12-09,South,5
P0001,O0985,0,0,2026-01-15,2026-01-30,West,3
P0017,O0986,0,0,2026-10-29,2026-10-31,North,1
P0017,O0987,1,0,2026-05-24,2026-06-09,North,2
P0007,O0988,1,0,2026-03-19,2026-04-04,Central,5
P0008,O0989,1,0,2026-03-31,2026-04-15,South,3
P0012,O0990,0,0,2026-02-17,2026-02-28,East,4
P0015,O0991,1,0,2026-02-21,2026-03-01,Central,2
P0006,O0992,1,0,2026-03-21,2026-04-01,South,3
P0001,O0993,0,0,2026-12-16,2026-12-27,East,3
P0006,O0994,1,0,2026-03-23,2026-03-25,South,2
P0018,O0995,0,0,2026-01-29,2026-02-01,Central,2
P0003,O0996,1,0,2026-01-08,2026-01-19,North,2
P0011,O0997,0,0,2026-01-28,2026-02-10,West,2
P0017,O0998,0,0,2026-03-30,2026-04-12,North,5
P0001,O0999,0,0,2026-05-11,2026-05-24,North,5
P0018,O1000,0,0,2026-01-18,2026-01-24,South,4
